rank,file,t_sec,score,U,A,D,n_boxes,n_ambiguous,empty,selected
1,frame_0070.jpg,28.0,0.7079,0.673,0.5714,1.0,5,4,False,True
2,frame_0368.jpg,147.2,0.6943,0.7725,1.0,0.04,9,7,False,True
3,frame_0292.jpg,116.8,0.6935,0.7241,0.5714,0.8,7,4,False,True
4,frame_0069.jpg,27.6,0.6706,0.5984,0.5714,1.0,5,4,False,False
5,frame_0073.jpg,29.2,0.6674,0.6776,0.4286,1.0,5,3,False,False
6,frame_0021.jpg,8.4,0.6596,0.5764,0.5714,1.0,5,4,False,True
7,frame_0000.jpg,0.0,0.6569,0.7423,0.2857,1.0,7,2,False,True
8,frame_0030.jpg,12.0,0.655,0.4814,0.7143,1.0,7,5,False,True
9,frame_0015.jpg,6.0,0.6494,0.8131,0.1429,1.0,4,1,False,True
10,frame_0005.jpg,2.0,0.6464,0.6356,0.4286,1.0,5,3,False,True
11,frame_0072.jpg,28.8,0.6445,0.7176,0.2857,1.0,6,2,False,False
12,frame_0387.jpg,154.8,0.6433,0.6923,0.8571,0.2,9,6,False,True
13,frame_0295.jpg,118.0,0.6376,0.6603,0.5714,0.68,6,4,False,False
14,frame_0296.jpg,118.4,0.6364,0.674,0.5714,0.64,5,4,False,False
15,frame_0008.jpg,3.2,0.6362,0.7867,0.1429,1.0,3,1,False,False
16,frame_0019.jpg,7.6,0.6334,0.6954,0.2857,1.0,2,2,False,False
17,frame_0009.jpg,3.6,0.6323,0.7789,0.1429,1.0,2,1,False,False
18,frame_0006.jpg,2.4,0.6246,0.7634,0.1429,1.0,2,1,False,False
19,frame_0002.jpg,0.8,0.6226,0.5023,0.5714,1.0,7,4,False,False
20,frame_0124.jpg,49.6,0.6218,0.8002,0.2857,0.68,7,2,False,True
21,frame_0087.jpg,34.8,0.6172,0.7852,0.4286,0.48,3,3,False,True
22,frame_0024.jpg,9.6,0.6171,0.8342,0.0,1.0,1,0,False,False
23,frame_0029.jpg,11.6,0.617,0.6625,0.2857,1.0,4,2,False,False
24,frame_0020.jpg,8.0,0.6157,0.6599,0.2857,1.0,3,2,False,False
25,frame_0089.jpg,35.6,0.6138,0.7248,0.5714,0.4,6,4,False,False
26,frame_0132.jpg,52.8,0.6124,0.5677,0.4286,1.0,5,3,False,True
27,frame_0306.jpg,122.4,0.6088,0.693,0.7143,0.24,7,5,False,False
28,frame_0173.jpg,69.2,0.6051,0.6376,0.7143,0.36,5,5,False,False
29,frame_0001.jpg,0.4,0.5987,0.7116,0.1429,1.0,6,1,False,False
30,frame_0284.jpg,113.6,0.5984,0.63,0.5714,0.56,5,4,False,False
31,frame_0220.jpg,88.0,0.5951,0.9067,0.2857,0.28,2,2,False,False
32,frame_0285.jpg,114.0,0.5943,0.6915,0.4286,0.6,4,3,False,False
33,frame_0031.jpg,12.4,0.594,0.5308,0.4286,1.0,5,3,False,False
34,frame_0018.jpg,7.2,0.5922,0.5273,0.4286,1.0,6,3,False,False
35,frame_0085.jpg,34.0,0.5898,0.7842,0.2857,0.56,2,2,False,False
36,frame_0232.jpg,92.8,0.5863,0.7498,0.5714,0.2,6,4,False,False
37,frame_0068.jpg,27.2,0.5837,0.5959,0.2857,1.0,3,2,False,False
38,frame_0297.jpg,118.8,0.5815,0.5802,0.5714,0.6,6,4,False,False
39,frame_0077.jpg,30.8,0.5738,0.6242,0.2857,0.88,6,2,False,False
40,frame_0188.jpg,75.2,0.5714,0.6982,0.7143,0.04,6,5,False,False
41,frame_0079.jpg,31.6,0.5614,0.6314,0.2857,0.8,5,2,False,False
42,frame_0012.jpg,4.8,0.5612,0.4652,0.4286,1.0,3,3,False,False
43,frame_0290.jpg,116.0,0.5606,0.544,0.4286,0.8,5,3,False,False
44,frame_0004.jpg,1.6,0.5591,0.461,0.4286,1.0,5,3,False,False
45,frame_0231.jpg,92.4,0.5583,0.7955,0.4286,0.16,7,3,False,False
46,frame_0378.jpg,151.2,0.558,0.6554,0.7143,0.08,10,5,False,False
47,frame_0011.jpg,4.4,0.556,0.5406,0.2857,1.0,3,2,False,False
48,frame_0209.jpg,83.6,0.5552,0.5653,0.4286,0.72,3,3,False,False
49,frame_0180.jpg,72.0,0.5549,0.735,0.5714,0.08,4,4,False,False
50,frame_0303.jpg,121.2,0.5534,0.7914,0.2857,0.36,3,2,False,False
51,frame_0390.jpg,156.0,0.5512,0.7276,0.5714,0.08,6,4,False,False
52,frame_0076.jpg,30.4,0.5511,0.477,0.4286,0.92,6,3,False,False
53,frame_0376.jpg,150.4,0.5488,0.6908,0.5714,0.16,6,4,False,False
54,frame_0327.jpg,130.8,0.5483,0.5664,0.8571,0.04,7,6,False,False
55,frame_0126.jpg,50.4,0.5453,0.5295,0.4286,0.76,6,3,False,False
56,frame_0075.jpg,30.0,0.544,0.4469,0.4286,0.96,5,3,False,False
57,frame_0125.jpg,50.0,0.5423,0.5394,0.4286,0.72,5,3,False,False
58,frame_0291.jpg,116.4,0.5421,0.491,0.4286,0.84,6,3,False,False
59,frame_0123.jpg,49.2,0.542,0.6565,0.2857,0.64,4,2,False,False
60,frame_0033.jpg,13.2,0.5405,0.5095,0.2857,1.0,7,2,False,False
61,frame_0088.jpg,35.2,0.5363,0.8965,0.0,0.44,3,0,False,False
62,frame_0122.jpg,48.8,0.5345,0.7433,0.1429,0.6,3,1,False,False
63,frame_0319.jpg,127.6,0.5337,0.6126,0.5714,0.28,7,4,False,False
64,frame_0367.jpg,146.8,0.5327,0.6905,0.5714,0.08,9,4,False,False
65,frame_0078.jpg,31.2,0.5324,0.4716,0.4286,0.84,7,3,False,False
66,frame_0385.jpg,154.0,0.5314,0.64,0.5714,0.2,6,4,False,False
67,frame_0082.jpg,32.8,0.5309,0.6184,0.2857,0.68,3,2,False,False
68,frame_0032.jpg,12.8,0.5296,0.4877,0.2857,1.0,5,2,False,False
69,frame_0028.jpg,11.2,0.5294,0.4874,0.2857,1.0,3,2,False,False
70,frame_0003.jpg,1.2,0.5289,0.4864,0.2857,1.0,5,2,False,False
71,frame_0128.jpg,51.2,0.5285,0.5495,0.2857,0.84,5,2,False,False
72,frame_0067.jpg,26.8,0.5284,0.4853,0.2857,1.0,5,2,False,False
73,frame_0007.jpg,2.8,0.5281,0.4848,0.2857,1.0,4,2,False,False
74,frame_0084.jpg,33.6,0.5277,0.6439,0.2857,0.6,2,2,False,False
75,frame_0389.jpg,155.6,0.5273,0.7495,0.4286,0.12,7,3,False,False
76,frame_0027.jpg,10.8,0.526,0.4806,0.2857,1.0,2,2,False,False
77,frame_0230.jpg,92.0,0.5226,0.6543,0.5714,0.12,7,4,False,False
78,frame_0377.jpg,150.8,0.5209,0.6509,0.5714,0.12,9,4,False,False
79,frame_0330.jpg,132.0,0.5203,0.6817,0.5714,0.04,7,4,False,False
80,frame_0332.jpg,132.8,0.5197,0.6806,0.5714,0.04,7,4,False,False
81,frame_0127.jpg,50.8,0.518,0.4589,0.4286,0.8,6,3,False,False
82,frame_0384.jpg,153.6,0.5174,0.628,0.5714,0.16,7,4,False,False
83,frame_0374.jpg,149.6,0.5156,0.6941,0.4286,0.2,7,3,False,False
84,frame_0282.jpg,112.8,0.5147,0.5802,0.4286,0.48,4,3,False,False
85,frame_0171.jpg,68.4,0.5128,0.5067,0.5714,0.44,5,4,False,False
86,frame_0201.jpg,80.4,0.5115,0.5418,0.4286,0.56,4,3,False,False
87,frame_0288.jpg,115.2,0.5103,0.5611,0.2857,0.72,5,2,False,False
88,frame_0328.jpg,131.2,0.5089,0.643,0.5714,0.08,8,4,False,False
89,frame_0218.jpg,87.2,0.5087,0.7877,0.1429,0.36,2,1,False,False
90,frame_0169.jpg,67.6,0.5075,0.6355,0.2857,0.52,6,2,False,False
91,frame_0074.jpg,29.6,0.5045,0.5233,0.1429,1.0,6,1,False,False
92,frame_0130.jpg,52.0,0.5044,0.5551,0.1429,0.92,4,1,False,False
93,frame_0202.jpg,80.8,0.503,0.5945,0.2857,0.6,3,2,False,False
94,frame_0186.jpg,74.4,0.5027,0.7323,0.4286,0.04,7,3,False,False
95,frame_0170.jpg,68.0,0.5013,0.6392,0.2857,0.48,7,2,False,False
96,frame_0281.jpg,112.4,0.4961,0.5591,0.4286,0.44,4,3,False,False
97,frame_0196.jpg,78.4,0.4959,0.6763,0.2857,0.36,2,2,False,False
98,frame_0379.jpg,151.6,0.4939,0.7146,0.4286,0.04,10,3,False,False
99,frame_0307.jpg,122.8,0.4929,0.6486,0.4286,0.2,8,3,False,False
100,frame_0278.jpg,111.2,0.4913,0.6832,0.2857,0.32,7,2,False,False
101,frame_0396.jpg,158.4,0.4881,0.5694,0.5714,0.16,5,4,False,False
102,frame_0375.jpg,150.0,0.4877,0.6382,0.4286,0.2,9,3,False,False
103,frame_0175.jpg,70.0,0.486,0.6886,0.2857,0.28,4,2,False,False
104,frame_0210.jpg,84.0,0.484,0.5246,0.2857,0.68,3,2,False,False
105,frame_0304.jpg,121.6,0.4834,0.5817,0.4286,0.32,5,3,False,False
106,frame_0129.jpg,51.6,0.4827,0.5277,0.1429,0.88,5,1,False,False
107,frame_0115.jpg,46.0,0.4814,0.4919,0.5714,0.32,6,4,False,False
108,frame_0276.jpg,110.4,0.4797,0.6919,0.2857,0.24,7,2,False,False
109,frame_0309.jpg,123.6,0.4788,0.6525,0.4286,0.12,5,3,False,False
110,frame_0071.jpg,28.4,0.4776,0.4694,0.1429,1.0,5,1,False,False
111,frame_0106.jpg,42.4,0.4765,0.5942,0.5714,0.04,6,4,False,False
112,frame_0131.jpg,52.4,0.4763,0.3972,0.2857,0.96,4,2,False,False
113,frame_0113.jpg,45.2,0.4743,0.6811,0.2857,0.24,4,2,False,False
114,frame_0386.jpg,154.4,0.4728,0.6781,0.2857,0.24,7,2,False,False
115,frame_0308.jpg,123.2,0.472,0.5372,0.5714,0.16,6,4,False,False
116,frame_0014.jpg,5.6,0.4692,0.4527,0.1429,1.0,4,1,False,False
117,frame_0023.jpg,9.2,0.4685,0.4512,0.1429,1.0,1,1,False,False
118,frame_0114.jpg,45.6,0.466,0.4771,0.5714,0.28,7,4,False,False
119,frame_0305.jpg,122.0,0.4642,0.5593,0.4286,0.28,6,3,False,False
120,frame_0177.jpg,70.8,0.4637,0.5046,0.5714,0.2,6,4,False,False
121,frame_0105.jpg,42.0,0.4598,0.6305,0.4286,0.08,6,3,False,False
122,frame_0397.jpg,158.8,0.4597,0.6679,0.2857,0.2,6,2,False,False
123,frame_0300.jpg,120.0,0.4595,0.5556,0.2857,0.48,6,2,False,False
124,frame_0097.jpg,38.8,0.4575,0.6259,0.4286,0.08,5,3,False,False
125,frame_0081.jpg,32.4,0.4564,0.539,0.1429,0.72,4,1,False,False
126,frame_0323.jpg,129.2,0.4559,0.6923,0.2857,0.12,3,2,False,False
127,frame_0222.jpg,88.8,0.4554,0.5736,0.4286,0.2,4,3,False,False
128,frame_0208.jpg,83.2,0.4536,0.5174,0.1429,0.76,2,1,False,False
129,frame_0321.jpg,128.4,0.4527,0.5682,0.4286,0.2,7,3,False,False
130,frame_0388.jpg,155.2,0.4516,0.582,0.4286,0.16,8,3,False,False
131,frame_0017.jpg,6.8,0.4503,0.4148,0.1429,1.0,5,1,False,False
132,frame_0294.jpg,117.6,0.4489,0.5241,0.1429,0.72,5,1,False,False
133,frame_0116.jpg,46.4,0.4466,0.5778,0.2857,0.36,7,2,False,False
134,frame_0016.jpg,6.4,0.4388,0.3919,0.1429,1.0,4,1,False,False
135,frame_0096.jpg,38.4,0.4373,0.6552,0.2857,0.12,5,2,False,False
136,frame_0287.jpg,114.8,0.4359,0.5141,0.1429,0.68,5,1,False,False
137,frame_0133.jpg,53.2,0.432,0.3782,0.1429,1.0,6,1,False,False
138,frame_0293.jpg,117.2,0.4284,0.5527,0.0,0.76,4,0,False,False
139,frame_0289.jpg,115.6,0.4278,0.5516,0.0,0.76,4,0,False,False
140,frame_0268.jpg,107.2,0.4245,0.4742,0.5714,0.08,5,4,False,False
141,frame_0095.jpg,38.0,0.4228,0.5244,0.4286,0.16,6,3,False,False
142,frame_0301.jpg,120.4,0.4222,0.5827,0.1429,0.44,5,1,False,False
143,frame_0112.jpg,44.8,0.4205,0.6753,0.1429,0.2,4,1,False,False
144,frame_0310.jpg,124.0,0.4193,0.5494,0.4286,0.08,5,3,False,False
145,frame_0279.jpg,111.6,0.4182,0.5209,0.2857,0.36,5,2,False,False
146,frame_0318.jpg,127.2,0.4166,0.5657,0.2857,0.24,6,2,False,False
147,frame_0195.jpg,78.0,0.4148,0.5301,0.2857,0.32,4,2,False,False
148,frame_0315.jpg,126.0,0.4141,0.6088,0.2857,0.12,4,2,False,False
149,frame_0394.jpg,157.6,0.4122,0.5352,0.4286,0.08,4,3,False,False
150,frame_0269.jpg,107.6,0.4091,0.5451,0.4286,0.04,5,3,False,False
151,frame_0090.jpg,36.0,0.4069,0.4127,0.4286,0.36,5,3,False,False
152,frame_0382.jpg,152.8,0.4063,0.5235,0.4286,0.08,5,3,False,False
153,frame_0333.jpg,133.2,0.4044,0.5197,0.4286,0.08,7,3,False,False
154,frame_0286.jpg,114.4,0.4032,0.379,0.2857,0.64,6,2,False,False
155,frame_0302.jpg,120.8,0.4012,0.5567,0.1429,0.4,5,1,False,False
156,frame_0098.jpg,39.2,0.3994,0.5257,0.4286,0.04,6,3,False,False
157,frame_0176.jpg,70.4,0.3988,0.4444,0.4286,0.24,6,3,False,False
158,frame_0280.jpg,112.0,0.3953,0.5449,0.1429,0.4,5,1,False,False
159,frame_0277.jpg,110.8,0.3949,0.5064,0.2857,0.28,8,2,False,False
160,frame_0103.jpg,41.2,0.3939,0.5524,0.2857,0.16,4,2,False,False
161,frame_0091.jpg,36.4,0.3934,0.4873,0.2857,0.32,3,2,False,False
162,frame_0320.jpg,128.0,0.3932,0.5189,0.2857,0.24,8,2,False,False
163,frame_0311.jpg,124.4,0.3916,0.5101,0.4286,0.04,4,3,False,False
164,frame_0317.jpg,126.8,0.3902,0.6147,0.1429,0.2,5,1,False,False
165,frame_0183.jpg,73.2,0.3897,0.5919,0.2857,0.04,4,2,False,False
166,frame_0299.jpg,119.6,0.3869,0.3943,0.2857,0.52,6,2,False,False
167,frame_0190.jpg,76.0,0.3866,0.5537,0.2857,0.12,3,2,False,False
168,frame_0193.jpg,77.2,0.3858,0.4184,0.4286,0.24,5,3,False,False
169,frame_0273.jpg,109.2,0.3842,0.4632,0.4286,0.12,5,3,False,False
170,frame_0322.jpg,128.8,0.3841,0.4471,0.4286,0.16,5,3,False,False
171,frame_0216.jpg,86.4,0.3835,0.5909,0.0,0.44,2,0,False,False
172,frame_0013.jpg,5.2,0.3831,0.3662,0.0,1.0,4,0,False,False
173,frame_0203.jpg,81.2,0.3809,0.42,0.1429,0.64,3,1,False,False
174,frame_0398.jpg,159.2,0.3794,0.6628,0.0,0.24,6,0,False,False
175,frame_0226.jpg,90.4,0.3786,0.484,0.4286,0.04,4,3,False,False
176,frame_0080.jpg,32.0,0.3772,0.3646,0.1429,0.76,5,1,False,False
177,frame_0174.jpg,69.6,0.3764,0.539,0.1429,0.32,5,1,False,False
178,frame_0184.jpg,73.6,0.3757,0.548,0.2857,0.08,5,2,False,False
179,frame_0026.jpg,10.4,0.3721,0.3443,0.0,1.0,3,0,False,False
180,frame_0225.jpg,90.0,0.3686,0.5338,0.2857,0.08,7,2,False,False
181,frame_0274.jpg,109.6,0.3679,0.5004,0.2857,0.16,6,2,False,False
182,frame_0172.jpg,68.8,0.3663,0.4012,0.2857,0.4,4,2,False,False
183,frame_0167.jpg,66.8,0.3636,0.4014,0.1429,0.6,5,1,False,False
184,frame_0179.jpg,71.6,0.3618,0.5898,0.1429,0.12,4,1,False,False
185,frame_0395.jpg,158.0,0.3606,0.416,0.4286,0.12,5,3,False,False
186,frame_0204.jpg,81.6,0.356,0.3543,0.1429,0.68,2,1,False,False
187,frame_0206.jpg,82.4,0.355,0.3203,0.1429,0.76,3,1,False,False
188,frame_0083.jpg,33.2,0.3549,0.3681,0.1429,0.64,3,1,False,False
189,frame_0214.jpg,85.6,0.3534,0.413,0.1429,0.52,2,1,False,False
190,frame_0314.jpg,125.6,0.3534,0.5891,0.1429,0.08,3,1,False,False
191,frame_0391.jpg,156.4,0.3528,0.4325,0.4286,0.04,7,3,False,False
192,frame_0194.jpg,77.6,0.3527,0.5076,0.1429,0.28,3,1,False,False
193,frame_0275.jpg,110.0,0.3519,0.4524,0.2857,0.2,6,2,False,False
194,frame_0120.jpg,48.0,0.3516,0.3237,0.2857,0.52,3,2,False,False
195,frame_0168.jpg,67.2,0.3489,0.388,0.1429,0.56,5,1,False,False
196,frame_0109.jpg,43.6,0.3482,0.4929,0.2857,0.08,4,2,False,False
197,frame_0283.jpg,113.2,0.3474,0.401,0.1429,0.52,4,1,False,False
198,frame_0233.jpg,93.2,0.3466,0.4258,0.2857,0.24,5,2,False,False
199,frame_0229.jpg,91.6,0.3465,0.4038,0.4286,0.08,6,3,False,False
200,frame_0371.jpg,148.4,0.3436,0.4838,0.2857,0.08,5,2,False,False
201,frame_0025.jpg,10.0,0.3392,0.2784,0.0,1.0,2,0,False,False
202,frame_0181.jpg,72.4,0.3389,0.4046,0.4286,0.04,6,3,False,False
203,frame_0121.jpg,48.4,0.3377,0.3657,0.1429,0.56,4,1,False,False
204,frame_0086.jpg,34.4,0.3345,0.3753,0.1429,0.52,3,1,False,False
205,frame_0185.jpg,74.0,0.332,0.4605,0.2857,0.08,5,2,False,False
206,frame_0199.jpg,79.6,0.3319,0.386,0.1429,0.48,1,1,False,False
207,frame_0117.jpg,46.8,0.3317,0.5034,0.0,0.4,4,0,False,False
208,frame_0329.jpg,131.6,0.3302,0.5427,0.1429,0.08,8,1,False,False
209,frame_0211.jpg,84.4,0.3285,0.3153,0.1429,0.64,3,1,False,False
210,frame_0093.jpg,37.2,0.3282,0.389,0.2857,0.24,2,2,False,False
211,frame_0191.jpg,76.4,0.3281,0.5064,0.1429,0.16,4,1,False,False
212,frame_0118.jpg,47.2,0.328,0.3943,0.1429,0.44,4,1,False,False
213,frame_0217.jpg,86.8,0.3155,0.3852,0.1429,0.4,3,1,False,False
214,frame_0399.jpg,159.6,0.3146,0.3457,0.2857,0.28,7,2,False,False
215,frame_0212.jpg,84.8,0.3132,0.3007,0.1429,0.6,2,1,False,False
216,frame_0205.jpg,82.0,0.3125,0.2512,0.1429,0.72,2,1,False,False
217,frame_0010.jpg,4.0,0.3094,0.2187,0.0,1.0,3,0,False,False
218,frame_0383.jpg,153.2,0.3092,0.3989,0.2857,0.12,7,2,False,False
219,frame_0108.jpg,43.2,0.3082,0.4289,0.2857,0.04,5,2,False,False
220,frame_0119.jpg,47.6,0.3074,0.3371,0.1429,0.48,3,1,False,False
221,frame_0198.jpg,79.2,0.3074,0.3531,0.1429,0.44,2,1,False,False
222,frame_0219.jpg,87.6,0.3062,0.3986,0.1429,0.32,3,1,False,False
223,frame_0200.jpg,80.0,0.305,0.3163,0.1429,0.52,2,1,False,False
224,frame_0213.jpg,85.2,0.2956,0.2815,0.1429,0.56,3,1,False,False
225,frame_0298.jpg,119.2,0.2951,0.2804,0.1429,0.56,5,1,False,False
226,frame_0022.jpg,8.8,0.2932,0.1863,0.0,1.0,2,0,False,False
227,frame_0104.jpg,41.6,0.2929,0.3664,0.2857,0.12,3,2,False,False
228,frame_0111.jpg,44.4,0.2907,0.3459,0.2857,0.16,4,2,False,False
229,frame_0267.jpg,106.8,0.2894,0.4451,0.1429,0.12,4,1,False,False
230,frame_0207.jpg,82.8,0.2838,0.2476,0.0,0.8,2,0,False,False
231,frame_0215.jpg,86.0,0.2829,0.2881,0.1429,0.48,4,1,False,False
232,frame_0370.jpg,148.0,0.2791,0.4565,0.1429,0.04,5,1,False,False
233,frame_0381.jpg,152.4,0.2735,0.3595,0.2857,0.04,6,2,False,False
234,frame_0373.jpg,149.2,0.2719,0.3941,0.1429,0.16,5,1,False,False
235,frame_0272.jpg,108.8,0.2701,0.4224,0.1429,0.08,4,1,False,False
236,frame_0372.jpg,148.8,0.2662,0.3986,0.1429,0.12,6,1,False,False
237,frame_0192.jpg,76.8,0.2607,0.27,0.2857,0.2,5,2,False,False
238,frame_0221.jpg,88.4,0.2595,0.3373,0.1429,0.24,4,1,False,False
239,frame_0224.jpg,89.6,0.2569,0.38,0.1429,0.12,4,1,False,False
240,frame_0100.jpg,40.0,0.2464,0.3911,0.1429,0.04,4,1,False,False
241,frame_0223.jpg,89.2,0.2448,0.3398,0.1429,0.16,5,1,False,False
242,frame_0101.jpg,40.4,0.2444,0.371,0.1429,0.08,5,1,False,False
243,frame_0324.jpg,129.6,0.237,0.3562,0.1429,0.08,3,1,False,False
244,frame_0316.jpg,126.4,0.2247,0.2996,0.1429,0.16,6,1,False,False
245,frame_0189.jpg,75.6,0.2236,0.4152,0.0,0.08,4,0,False,False
246,frame_0178.jpg,71.2,0.219,0.2882,0.1429,0.16,5,1,False,False
247,frame_0313.jpg,125.2,0.2081,0.4002,0.0,0.04,2,0,False,False
248,frame_0092.jpg,36.8,0.2004,0.2887,0.0,0.28,3,0,False,False
249,frame_0228.jpg,91.2,0.1944,0.287,0.1429,0.04,5,1,False,False
250,frame_0393.jpg,157.2,0.1849,0.2681,0.1429,0.04,3,1,False,False
251,frame_0102.jpg,40.8,0.1797,0.3113,0.0,0.12,5,0,False,False
252,frame_0094.jpg,37.6,0.1762,0.2724,0.0,0.2,5,0,False,False
253,frame_0325.jpg,130.0,0.169,0.2362,0.1429,0.04,4,1,False,False
254,frame_0197.jpg,78.8,0.1463,0.1326,0.0,0.4,1,0,False,False
255,frame_0271.jpg,108.4,0.121,0.2259,0.0,0.04,5,0,False,False
256,frame_0110.jpg,44.0,0.0988,0.1497,0.0,0.12,4,0,False,False
